{"authorDailyContributionsMap":{"Azmaan Din":[{"date":"2024-08-24","commitResults":[{"hash":"eb2d3039ba7f7c5775931f95e225791beb1288df","isMergeCommit":true,"messageTitle":"Merge branch \u0027audio-recording-submission\u0027 of https://github.com/flynncupitt/AI-Speech-App into database-test","messageBody":"","fileTypesAndContributionMap":{}}]},{"date":"2024-08-25","commitResults":[{"hash":"301e979059ad8908b82702151f6560fc2ca24cbd","isMergeCommit":false,"messageTitle":"Automatically uploads voice recording to firebase.","messageBody":"","fileTypesAndContributionMap":{"tsx":{"insertions":43,"deletions":32}}}]},{"date":"2024-08-30","commitResults":[{"hash":"323487539feed09f8b634a1ad19e5acc97191efa","isMergeCommit":false,"messageTitle":"Voice recording upload to firebase","messageBody":"","fileTypesAndContributionMap":{"tsx":{"insertions":43,"deletions":4},"ts":{"insertions":29,"deletions":0}}},{"hash":"e719145c95471334046ca2bf483bc05abae46473","isMergeCommit":false,"messageTitle":"sync recording file to user database","messageBody":"","fileTypesAndContributionMap":{"tsx":{"insertions":30,"deletions":2},"ts":{"insertions":3,"deletions":1}}},{"hash":"28050a1e8c7369ce54299b3f901bbcb15d950670","isMergeCommit":false,"messageTitle":"adding login and regsiter page from main and changing them to typescript","messageBody":"","fileTypesAndContributionMap":{"tsx":{"insertions":251,"deletions":0}}},{"hash":"8d8400904049c51ea9533bfed6b43e323502ac64","isMergeCommit":false,"messageTitle":"Fixed bugs with login and signup page","messageBody":"","fileTypesAndContributionMap":{"tsx":{"insertions":167,"deletions":9}}},{"hash":"6d4bd79f53cab954cf393476c04363b92205a615","isMergeCommit":false,"messageTitle":"view all current user logined recordings","messageBody":"","fileTypesAndContributionMap":{"tsx":{"insertions":89,"deletions":2}}}]},{"date":"2024-09-02","commitResults":[{"hash":"f64b2cb6e4e52fb4d96f7be00ea9e97956f90656","isMergeCommit":true,"messageTitle":"Merge branch \u0027database-test\u0027 of https://github.com/flynncupitt/AI-Speech-App","messageBody":"","fileTypesAndContributionMap":{}}]},{"date":"2024-09-18","commitResults":[{"hash":"f1f58cdad502a194e18e88942c6f917efd19e645","isMergeCommit":false,"messageTitle":"Fixed log out button not showing on mobile version","messageBody":"","fileTypesAndContributionMap":{"tsx":{"insertions":54,"deletions":14}}},{"hash":"a35dc08983d52c971bfeea3fcc3bb8cb6efe8f2c","isMergeCommit":false,"messageTitle":"Fixed bug with forgot passwrod spamming reset links","messageBody":"","fileTypesAndContributionMap":{"tsx":{"insertions":27,"deletions":14}}},{"hash":"82c0597d992f25f60b8f6525ddca47c6f209a3d4","isMergeCommit":false,"messageTitle":"Created Profile Page, where users can change there profile picture and change there user name","messageBody":"","fileTypesAndContributionMap":{"tsx":{"insertions":167,"deletions":4}}}]},{"date":"2024-09-19","commitResults":[{"hash":"57fc6eda63d42df0f262ef96052c83663c041274","isMergeCommit":false,"messageTitle":"fixed missing imports from merger","messageBody":"","fileTypesAndContributionMap":{"html":{"insertions":1,"deletions":0}}}]}],"DanVann123":[{"date":"2024-09-13","commitResults":[{"hash":"7f08a931cbc761e73a1c03a32ae8c54d2fcc1c7c","isMergeCommit":false,"messageTitle":"Goal-Tracker","messageBody":"For tracking goals. I added ActivePage, DonePage and GoalPage on the components. I also made a new page called GoalTrackerPage.\n\nIn this function currently you can add goal (title, description and tasks). when you click the In progress button it will move to the done section, indicating the goal is finished. Pop up when goal added successfully and added fail when the goal is empty. Currently still working on it to improve.\n","fileTypesAndContributionMap":{"tsx":{"insertions":382,"deletions":17}}}]},{"date":"2024-09-16","commitResults":[{"hash":"b932b78b56ce0215a36986093be98e85fcc87f58","isMergeCommit":false,"messageTitle":"Updated on the goal-tracker","messageBody":"Made it full screen, and better layout. Added word limits for description.\n","fileTypesAndContributionMap":{"tsx":{"insertions":81,"deletions":53}}}]},{"date":"2024-09-18","commitResults":[{"hash":"d026b841190d2d5230be53060e160a627b3ab171","isMergeCommit":false,"messageTitle":"Updated goal-tracker","messageBody":"Fixed the bugs for in progress button not functioning properly.\n","fileTypesAndContributionMap":{"tsx":{"insertions":19,"deletions":16},"json":{"insertions":26,"deletions":2}}}]},{"date":"2024-09-19","commitResults":[{"hash":"964b6bda237e91dbd29d7043d9959ff12152012e","isMergeCommit":false,"messageTitle":"Updated goal-tracker","messageBody":"Added edit and delete buttons.\n","fileTypesAndContributionMap":{"tsx":{"insertions":168,"deletions":46}}},{"hash":"61520a908f175d8126314aff67fcb84d98354105","isMergeCommit":false,"messageTitle":"Updated goal-tracker","messageBody":"tidy up comments\n","fileTypesAndContributionMap":{"tsx":{"insertions":33,"deletions":52}}},{"hash":"37c065ba2407faf106c90145151a42b6edac05e0","isMergeCommit":false,"messageTitle":"Updated goal-tracker","messageBody":"Added confetti when users complete the goal\n","fileTypesAndContributionMap":{"tsx":{"insertions":7,"deletions":0},"html":{"insertions":1,"deletions":0}}},{"hash":"8cc2b1e284d33783a8033c791480368766cca503","isMergeCommit":false,"messageTitle":"Updated goal-tracker","messageBody":"Fixed a bug where a user previously could complete the goal even if the task checkbox is not ticked.\nImplemented an error message when user attempts to complete the goal when checkbox is not ticked (if any).\nAdded a congratulation message when completes a goal.\n","fileTypesAndContributionMap":{"css":{"insertions":29,"deletions":0},"tsx":{"insertions":49,"deletions":8}}},{"hash":"1851e2f7452a2c59d3bb0a1105e634e3659f0bab","isMergeCommit":false,"messageTitle":"Updated goal-tracker","messageBody":"Added a pop up message when goal is deleted\n","fileTypesAndContributionMap":{"tsx":{"insertions":46,"deletions":15}}},{"hash":"8951e4bced017413a09116a95e0a6a35dd875079","isMergeCommit":false,"messageTitle":"Updated goal-tracker","messageBody":"Added database for goal tracker so users could save their goals.\n","fileTypesAndContributionMap":{"tsx":{"insertions":193,"deletions":49}}}]}],"Aquitaine24":[{"date":"2024-08-28","commitResults":[{"hash":"41cab844e81176194a06130940e278282e6d73ca","isMergeCommit":false,"messageTitle":"update packages","messageBody":"","fileTypesAndContributionMap":{"json":{"insertions":4,"deletions":3}}},{"hash":"08c11828e2717922ae2318f73124f6b19bff46b6","isMergeCommit":false,"messageTitle":"package update","messageBody":"","fileTypesAndContributionMap":{"json":{"insertions":10,"deletions":10}}},{"hash":"b82b72f457dfdc594b6c40d03c7a1daa3ff86377","isMergeCommit":false,"messageTitle":"Update Homepage gui fix???","messageBody":"","fileTypesAndContributionMap":{"tsx":{"insertions":80,"deletions":12},"json":{"insertions":32,"deletions":0}}}]},{"date":"2024-09-18","commitResults":[{"hash":"6714797956039c160b896a12bd1eb6d6766b3591","isMergeCommit":false,"messageTitle":"adding files to gitignore","messageBody":"","fileTypesAndContributionMap":{"gitignore":{"insertions":2,"deletions":0},"json":{"insertions":17,"deletions":17}}},{"hash":"1b3fdd86b4f008e5979e8e6151ae5773645fe03c","isMergeCommit":false,"messageTitle":"navbar edits","messageBody":"","fileTypesAndContributionMap":{"tsx":{"insertions":8,"deletions":8}}},{"hash":"0a18dc696b72b403eee92a99bcafd98908e20ae4","isMergeCommit":false,"messageTitle":"Fixed Login and Logout Functions","messageBody":"","fileTypesAndContributionMap":{"tsx":{"insertions":33,"deletions":2}}},{"hash":"fe0de9286ec3c59fdfa55f3fee7a102a0bc56ccb","isMergeCommit":false,"messageTitle":"added forgot password button","messageBody":"","fileTypesAndContributionMap":{"tsx":{"insertions":19,"deletions":1}}},{"hash":"95e64f97a4ab4ac49bbd5718918d47c2d72d6122","isMergeCommit":false,"messageTitle":"added user emails","messageBody":"","fileTypesAndContributionMap":{"tsx":{"insertions":172,"deletions":198}}}]}],"flynncupitt":[{"date":"2024-08-28","commitResults":[{"hash":"7326a5bc249b3aed7b1c032543462f220006c138","isMergeCommit":false,"messageTitle":"dans homepage","messageBody":"","fileTypesAndContributionMap":{"tsx":{"insertions":44,"deletions":24}}},{"hash":"239b16b5cec4933ea447027329db679a513e6c6b","isMergeCommit":false,"messageTitle":"added page routing","messageBody":"","fileTypesAndContributionMap":{"tsx":{"insertions":65,"deletions":44},"json":{"insertions":0,"deletions":1}}},{"hash":"3b56e42bed705ccfe5d837fd5f13c3158104255f","isMergeCommit":false,"messageTitle":"package update","messageBody":"","fileTypesAndContributionMap":{"json":{"insertions":2,"deletions":2}}},{"hash":"fe2e0e39342a9fb3855b62db8ed2e12932c3e771","isMergeCommit":false,"messageTitle":"test package","messageBody":"","fileTypesAndContributionMap":{"json":{"insertions":0,"deletions":5884}}},{"hash":"2d80cf51a063e01406cda92a1d1eb034def2bf49","isMergeCommit":true,"messageTitle":"changes to package and routing (?)","messageBody":"","fileTypesAndContributionMap":{}},{"hash":"b058433239ee88a9358e5e017ba7f32fa6ce14f1","isMergeCommit":false,"messageTitle":"added page routing to record/submit page","messageBody":"","fileTypesAndContributionMap":{"tsx":{"insertions":72,"deletions":0}}},{"hash":"dd4dd9a4e76e863e7b7e199cf60db32f0918d16c","isMergeCommit":false,"messageTitle":"routing to record/submit page","messageBody":"","fileTypesAndContributionMap":{"tsx":{"insertions":58,"deletions":2}}}]},{"date":"2024-08-30","commitResults":[{"hash":"97dd1b3f0f0ae32cc04b0e775a0d2a58e936bb10","isMergeCommit":false,"messageTitle":"fixed home page margins, added some blank pages with routing setup","messageBody":"","fileTypesAndContributionMap":{"css":{"insertions":2,"deletions":4},"tsx":{"insertions":128,"deletions":19}}},{"hash":"4c4ffb6c2ffc6ba135cea81512c879e320adf8d2","isMergeCommit":true,"messageTitle":"Merge branch \u0027main\u0027 of https://github.com/flynncupitt/AI-Speech-App","messageBody":"","fileTypesAndContributionMap":{}},{"hash":"175c015b4ae7f4c2d588031d280e0fb8ccc84ad0","isMergeCommit":false,"messageTitle":"Revert \"Merge branch \u0027main\u0027 of https://github.com/flynncupitt/AI-Speech-App\"","messageBody":"This reverts commit 4c4ffb6c2ffc6ba135cea81512c879e320adf8d2, reversing\nchanges made to 97dd1b3f0f0ae32cc04b0e775a0d2a58e936bb10.\n","fileTypesAndContributionMap":{"tsx":{"insertions":2,"deletions":7},"json":{"insertions":0,"deletions":32}}},{"hash":"4618f31e64d5dd18a83cc887f9b2da432af63fb3","isMergeCommit":false,"messageTitle":"tidy up","messageBody":"","fileTypesAndContributionMap":{"tsx":{"insertions":0,"deletions":1}}}]},{"date":"2024-09-16","commitResults":[{"hash":"a3fc4ee1bc1417ada8b3de11a350d644c2886417","isMergeCommit":false,"messageTitle":"added tutorial page, home page button and some changes i forgot to commit","messageBody":"","fileTypesAndContributionMap":{"tsx":{"insertions":88,"deletions":4}}},{"hash":"edb8cca209b4b51c5ce75cddb7584839dd6c5919","isMergeCommit":false,"messageTitle":"initial implementation of a logged in user dashboard","messageBody":"","fileTypesAndContributionMap":{"css":{"insertions":2,"deletions":2},"tsx":{"insertions":352,"deletions":103},"html":{"insertions":1,"deletions":1}}}]},{"date":"2024-09-17","commitResults":[{"hash":"0fa90ba45770aa9e51de9a57e41c7b0825c4464e","isMergeCommit":false,"messageTitle":"dashboard only shows on specified pages","messageBody":"","fileTypesAndContributionMap":{"tsx":{"insertions":37,"deletions":17}}},{"hash":"beddc7686b7058d5e4cba94655be97e4f90ef758","isMergeCommit":false,"messageTitle":"home page now links only to dashboard instead of every individual page","messageBody":"","fileTypesAndContributionMap":{"tsx":{"insertions":4,"deletions":22}}}]},{"date":"2024-09-18","commitResults":[{"hash":"c1a37b51392b482ad801890b1ea9818dda851dbc","isMergeCommit":false,"messageTitle":"fixed appearance of recording and tutorial pages, installed speech to text package but not implemented yet","messageBody":"","fileTypesAndContributionMap":{"tsx":{"insertions":75,"deletions":6}}},{"hash":"2117d95c1951c0cc0acd3efc6ff5831d8a6bb06f","isMergeCommit":true,"messageTitle":"Merge branch \u0027main\u0027 of https://github.com/flynncupitt/AI-Speech-App","messageBody":"","fileTypesAndContributionMap":{}},{"hash":"4f52722b49eeda82f046378ce2498360fa3b45d4","isMergeCommit":false,"messageTitle":"UI cleanup","messageBody":"","fileTypesAndContributionMap":{"tsx":{"insertions":50,"deletions":47},"js":{"insertions":8,"deletions":2},"html":{"insertions":1,"deletions":1}}}]},{"date":"2024-09-19","commitResults":[{"hash":"45f5e3597e7545843045d68de822082674434724","isMergeCommit":false,"messageTitle":"colour changes","messageBody":"","fileTypesAndContributionMap":{"css":{"insertions":1,"deletions":1},"tsx":{"insertions":4,"deletions":4},"js":{"insertions":1,"deletions":0}}},{"hash":"0e29286f2fe7f843e4cb65ec57f706b0dc5ae4b4","isMergeCommit":true,"messageTitle":"Merge branch \u0027main\u0027 into notes","messageBody":"","fileTypesAndContributionMap":{}},{"hash":"8dca71c1c32da8e4c905a740f9705c41b54da49a","isMergeCommit":false,"messageTitle":"cleaning","messageBody":"","fileTypesAndContributionMap":{"tsx":{"insertions":2,"deletions":2}}},{"hash":"b437900696742b2b0af5ba31073cb702070aabb2","isMergeCommit":true,"messageTitle":"Merge branch \u0027notes\u0027","messageBody":"","fileTypesAndContributionMap":{}},{"hash":"4e5bf6b1a1509ca3b5f14929686dc084dcdd5448","isMergeCommit":false,"messageTitle":"merged dans branch, integrated into UI","messageBody":"","fileTypesAndContributionMap":{"tsx":{"insertions":10,"deletions":5}}},{"hash":"65177289cfcf3d712aa80ca63493df695e9c312a","isMergeCommit":false,"messageTitle":"small changes","messageBody":"","fileTypesAndContributionMap":{"tsx":{"insertions":44,"deletions":0}}},{"hash":"1127bdcfa9cd190bea1d1bdb9063380c580beaef","isMergeCommit":false,"messageTitle":"small changes","messageBody":"","fileTypesAndContributionMap":{"tsx":{"insertions":7,"deletions":3}}},{"hash":"0efdc5542adce893d1f1426618c4e483366ebe7b","isMergeCommit":false,"messageTitle":"fixed navigation bug","messageBody":"","fileTypesAndContributionMap":{"tsx":{"insertions":1,"deletions":1}}},{"hash":"9d13c07373b4381b3765a4df993670572f57288a","isMergeCommit":false,"messageTitle":"Update README.MD","messageBody":"","fileTypesAndContributionMap":{"MD":{"insertions":2,"deletions":0}}},{"hash":"a1f73a55ce7f00fc5354d4ff783a7eab47252ce0","isMergeCommit":false,"messageTitle":"changes to tutorial","messageBody":"","fileTypesAndContributionMap":{"tsx":{"insertions":48,"deletions":33}}},{"hash":"a20f0281a267fa861e954914009588b4777abb1a","isMergeCommit":true,"messageTitle":"Merge branch \u0027main\u0027 of https://github.com/flynncupitt/AI-Speech-App","messageBody":"","fileTypesAndContributionMap":{}},{"hash":"6e34932e28052228ae2fd849854fa19f4d939ad1","isMergeCommit":true,"messageTitle":"Merge remote-tracking branch \u0027origin/gio2\u0027","messageBody":"","fileTypesAndContributionMap":{}},{"hash":"eb3b528d019e59875f689434945bd8aac96151d4","isMergeCommit":false,"messageTitle":"merge issue","messageBody":"","fileTypesAndContributionMap":{"tsx":{"insertions":11,"deletions":11}}},{"hash":"991f9fa04b741de47bdcff895b99c7f5075ae7c1","isMergeCommit":false,"messageTitle":"maybe fix header","messageBody":"","fileTypesAndContributionMap":{"tsx":{"insertions":1,"deletions":1}}}]},{"date":"2024-09-20","commitResults":[{"hash":"ac4f7343ea6dbea28e1a1e2accc6799d3035418d","isMergeCommit":true,"messageTitle":"Merge branch \u0027main\u0027 into notes","messageBody":"","fileTypesAndContributionMap":{}}]},{"date":"2024-09-21","commitResults":[{"hash":"839851e7e9340327047ebdc3e9f852a81e840d4b","isMergeCommit":false,"messageTitle":"tidied up tutorial page for demo","messageBody":"","fileTypesAndContributionMap":{"tsx":{"insertions":83,"deletions":35}}},{"hash":"6249ce642e2769f645b7cbc783cb20824136315f","isMergeCommit":true,"messageTitle":"Merge branch \u0027main\u0027 of https://github.com/flynncupitt/AI-Speech-App","messageBody":"","fileTypesAndContributionMap":{}}]},{"date":"2024-09-22","commitResults":[{"hash":"fa423f6d3c1021f16ce038eed15a0ddcb9734ab3","isMergeCommit":true,"messageTitle":"Merge branch \u0027gio2\u0027 of https://github.com/flynncupitt/AI-Speech-App into gio2","messageBody":"","fileTypesAndContributionMap":{}}]}],"jsn-nz":[{"date":"2024-09-01","commitResults":[{"hash":"1c8dc025364d65b0e6ab8aa1c760b967fa12b7ac","isMergeCommit":false,"messageTitle":"Create login page frontend","messageBody":"","fileTypesAndContributionMap":{"tsx":{"insertions":43,"deletions":4},"ts":{"insertions":2,"deletions":1}}},{"hash":"ef910c5b388f0522b6198eef5204a664738f3d51","isMergeCommit":false,"messageTitle":"Create login page auth functions","messageBody":"","fileTypesAndContributionMap":{"tsx":{"insertions":19,"deletions":0}}},{"hash":"945e3c1560d3c831a4041595cd3d29928ed024a6","isMergeCommit":false,"messageTitle":"Create register page front end","messageBody":"","fileTypesAndContributionMap":{"tsx":{"insertions":74,"deletions":5}}},{"hash":"5bd66244d931cd49167be41d9a7397d7eb07e110","isMergeCommit":false,"messageTitle":"Create register page auth functions","messageBody":"","fileTypesAndContributionMap":{"tsx":{"insertions":31,"deletions":0}}}]},{"date":"2024-09-02","commitResults":[{"hash":"5aba1844afac67147dadf8a06634a5d3c3f2b26f","isMergeCommit":false,"messageTitle":"Update login page to be dynamic","messageBody":"","fileTypesAndContributionMap":{"tsx":{"insertions":1,"deletions":1}}},{"hash":"9e6969983c2d75fa534649ba6f875b3b2c8addad","isMergeCommit":false,"messageTitle":"Update register page to be dynamic","messageBody":"","fileTypesAndContributionMap":{"tsx":{"insertions":1,"deletions":1}}}]},{"date":"2024-09-19","commitResults":[{"hash":"7075a514a991431ed4f11508e4683109d93e6d33","isMergeCommit":false,"messageTitle":"Create prompt generation functions to be displayed","messageBody":"","fileTypesAndContributionMap":{"tsx":{"insertions":70,"deletions":18}}},{"hash":"117e26f9fd1e3c296e71222051f5ce488bf49f2d","isMergeCommit":false,"messageTitle":"Add funciton to display user current score","messageBody":"","fileTypesAndContributionMap":{"tsx":{"insertions":51,"deletions":7}}},{"hash":"e9fb3e3f84939281c303420536196de6e3dc7a5c","isMergeCommit":false,"messageTitle":"Update dashboard","messageBody":"","fileTypesAndContributionMap":{"tsx":{"insertions":8,"deletions":1}}},{"hash":"ae09c8c37b65b54213ef506a82deeadb3e938d32","isMergeCommit":false,"messageTitle":"Update recordings page","messageBody":"","fileTypesAndContributionMap":{"tsx":{"insertions":28,"deletions":20}}}]}],"svf0110":[{"date":"2024-09-19","commitResults":[{"hash":"706ae45951831d9a9b9a61938006b7957b5e2188","isMergeCommit":false,"messageTitle":"visualize","messageBody":"","fileTypesAndContributionMap":{"css":{"insertions":102,"deletions":0},"tsx":{"insertions":30,"deletions":1},"json":{"insertions":9,"deletions":0},"html":{"insertions":2,"deletions":0},"jsx":{"insertions":444,"deletions":0}}},{"hash":"f623f6a602fa16866ef4ea06f2ee8aefc4495e77","isMergeCommit":false,"messageTitle":"conditional msg, centered visualizer","messageBody":"","fileTypesAndContributionMap":{"css":{"insertions":10,"deletions":2},"jsx":{"insertions":27,"deletions":24}}}]},{"date":"2024-09-20","commitResults":[{"hash":"f0c4ff0dd5de192637401da0ead6652d41c483ed","isMergeCommit":false,"messageTitle":"Update README.MD","messageBody":"","fileTypesAndContributionMap":{"MD":{"insertions":2,"deletions":0}}}]},{"date":"2024-09-22","commitResults":[{"hash":"725c43b5bbe5a320332a7727a624bfecb69d901e","isMergeCommit":false,"messageTitle":"final","messageBody":"","fileTypesAndContributionMap":{"jsx":{"insertions":1,"deletions":1}}}]}]},"authorFileTypeContributionMap":{"Azmaan Din":{"html":1,"tsx":678,"ts":31},"DanVann123":{"json":26,"tsx":707,"css":29},"Aquitaine24":{"gitignore":2,"json":21,"tsx":62},"flynncupitt":{"MD":2,"html":1,"css":5,"tsx":695,"js":8},"jsn-nz":{"tsx":118},"svf0110":{"MD":2,"json":9,"html":2,"tsx":30,"jsx":447,"css":109}},"authorContributionVariance":{"Azmaan Din":14950.65,"DanVann123":20329.998,"Aquitaine24":7906.13,"flynncupitt":1232140.4,"jsn-nz":2276.649,"svf0110":13650.274},"authorDisplayNameMap":{"Azmaan Din":"Azmaan Din","DanVann123":"DanVann123","Aquitaine24":"Aquitaine24","flynncupitt":"flynncupitt","jsn-nz":"jsn-nz","svf0110":"svf0110"}}
