{"repoSenseVersion":"29b9f5fbd7","reportGeneratedTime":"Tue Sep 24 06:47:44 2024 UTC","reportGenerationTime":" 2.11 second(s)","zoneId":"Etc/UTC","reportTitle":"RepoSense Report","repos":[{"location":{"location":"https://github.com/flynncupitt/AI-Speech-App.git","repoName":"AI-Speech-App","organization":"flynncupitt","domainName":"github"},"branch":"main","displayName":"flynncupitt/AI-Speech-App[main]","outputFolderName":"flynncupitt_AI-Speech-App_main"}],"errorSet":[],"sinceDate":"2024-08-24","untilDate":"2024-09-24","isSinceDateProvided":false,"isUntilDateProvided":false,"supportedDomainUrlMap":{"NOT_RECOGNIZED":{"BRANCH":"","REPO_URL":"UNSUPPORTED","BASE_URL":"UNSUPPORTED","HISTORY_PATH":"","COMMIT_PATH":"","BLAME_PATH":""},"github":{"BRANCH":"tree/$BRANCH","REPO_URL":"https://github.com/$ORGANIZATION/$REPO_NAME/","BASE_URL":"https://github.com/","HISTORY_PATH":"commits/$BRANCH/$FILE_PATH","COMMIT_PATH":"commit/$COMMIT_HASH","BLAME_PATH":"blame/$BRANCH/$FILE_PATH"}},"isAuthorshipAnalyzed":false}
